<?xml version="1.0" encoding="utf-8"?><?xml-stylesheet type="text/xml" href="/feed.xslt.xml"?><feed xmlns="http://www.w3.org/2005/Atom"><generator uri="http://jekyllrb.com" version="3.2.1">Jekyll</generator><link href="/feed.xml" rel="self" type="application/atom+xml" /><link href="/" rel="alternate" type="text/html" /><updated>2020-04-08T21:34:55+02:00</updated><id>/</id><title type="html">Nicolas Magain</title><subtitle>Page of Nicolas Magain</subtitle><entry><title type="html">Welcome to Massively: The Jekyll Theme!</title><link href="/blog/welcome-to-massively-the-jekyll-theme/" rel="alternate" type="text/html" title="Welcome to Massively: The Jekyll Theme!" /><published>2017-10-31T00:00:00+01:00</published><updated>2017-10-31T00:00:00+01:00</updated><id>/blog/welcome-to-massively-the-jekyll-theme</id><content type="html" xml:base="/blog/welcome-to-massively-the-jekyll-theme/">&lt;h2 id=&quot;how-to-use-this-theme&quot;&gt;How to Use This Theme&lt;/h2&gt;
&lt;p&gt;Just go ahead and read up on &lt;a href=&quot;https://jekyllrb.com/&quot;&gt;how to install Jekyll&lt;/a&gt;. It’s not too hard I promise!&lt;/p&gt;

&lt;p&gt;Download this repository &lt;a href=&quot;https://github.com/iwiedenm/jekyll-theme-massively&quot;&gt;here&lt;/a&gt; and save it to any folder you want.&lt;/p&gt;

&lt;p&gt;Open a terminal window or a command line and &lt;code class=&quot;highlighter-rouge&quot;&gt;cd&lt;/code&gt; to that location.&lt;/p&gt;

&lt;p&gt;Then enter: &lt;code class=&quot;highlighter-rouge&quot;&gt;bundle exec jekyll serve&lt;/code&gt;. You can now access your new Jekyll site from &lt;a href=&quot;http://127.0.0.1:4000/&quot;&gt;http://127.0.0.1:4000/&lt;/a&gt;. Have fun exploring your new site!&lt;/p&gt;

&lt;h2 id=&quot;features&quot;&gt;Features&lt;/h2&gt;
&lt;h3 id=&quot;auto-generating-sitemap&quot;&gt;Auto-Generating Sitemap&lt;/h3&gt;
&lt;p&gt;The sitemap is auto generated! Just simply change the front matter of each site. It looks like so…&lt;/p&gt;
&lt;div class=&quot;highlighter-rouge&quot;&gt;&lt;pre class=&quot;highlight&quot;&gt;&lt;code&gt;sitemap:
    priority: 0.7
    lastmod: 2017-11-02
    changefreq: weekly
&lt;/code&gt;&lt;/pre&gt;
&lt;/div&gt;
&lt;h3 id=&quot;formspring-integration&quot;&gt;Formspring integration&lt;/h3&gt;
&lt;p&gt;The contact form below each page on the footer actually collects information! Just change your email address in the &lt;code class=&quot;highlighter-rouge&quot;&gt;_config.yml&lt;/code&gt; file!&lt;/p&gt;</content><summary type="html">Huge thanks to HTML5 UP for making this awesome template! Let's see what it can do</summary><media:thumbnail xmlns:media="http://search.yahoo.com/mrss/" url="/images/pic02.jpg" /></entry></feed>
